2018-12-09,12:19:47,Brest,Paris Montparnasse 1 Et 2,2018-12-10,19:18,23:04,40.00,1
2018-12-09,12:19:47,Brest,Paris Montparnasse 1 Et 2,2018-12-10,17:27,21:04,62.00,1
2018-12-09,12:19:47,Brest,Paris Montparnasse 1 Et 2,2018-12-10,14:19,18:41,73.00,1
2018-12-09,12:19:47,Brest,Paris Montparnasse 1 Et 2,2018-12-10,16:22,20:04,77.00,1
2018-12-09,12:19:47,Brest,Paris Montparnasse 1 Et 2,2018-12-10,11:30,15:04,80.00,1
2018-12-09,12:19:47,Brest,Paris Montparnasse 1 Et 2,2018-12-10,09:05,13:04,89.00,1
2018-12-09,12:19:47,Brest,Paris Montparnasse 1 Et 2,2018-12-10,13:18,17:04,89.00,1
2018-12-09,12:19:47,Brest,Paris Montparnasse 1 Et 2,2018-12-10,06:27,10:04,95.00,1
2018-12-09,12:19:47,Brest,Paris Montparnasse 1 Et 2,2018-12-10,07:18,11:04,100.00,1
2018-12-09,12:19:47,Brest,Paris Montparnasse 1 Et 2,2018-12-10,19:18,23:04,40.00,1
2018-12-09,12:19:47,Brest,Paris Montparnasse 1 Et 2,2018-12-10,17:27,21:04,62.00,1
2018-12-09,12:19:47,Brest,Paris Montparnasse 1 Et 2,2018-12-10,14:19,18:41,73.00,1
2018-12-09,12:19:47,Brest,Paris Montparnasse 1 Et 2,2018-12-10,16:22,20:04,77.00,1
2018-12-09,12:19:47,Brest,Paris Montparnasse 1 Et 2,2018-12-10,11:30,15:04,80.00,1
2018-12-09,12:19:47,Brest,Paris Montparnasse 1 Et 2,2018-12-10,09:05,13:04,89.00,1
2018-12-09,12:19:47,Brest,Paris Montparnasse 1 Et 2,2018-12-10,13:18,17:04,89.00,1
2018-12-09,12:19:47,Brest,Paris Montparnasse 1 Et 2,2018-12-10,06:27,10:04,95.00,1
2018-12-09,12:19:47,Brest,Paris Montparnasse 1 Et 2,2018-12-10,07:18,11:04,100.00,1
2018-12-09,12:20:04,Brest,Paris Montparnasse 1 Et 2,2018-12-11,19:18,23:04,40.00,1
2018-12-09,12:20:04,Brest,Paris Montparnasse 1 Et 2,2018-12-11,14:19,18:41,62.00,1
2018-12-09,12:20:04,Brest,Paris Montparnasse 1 Et 2,2018-12-11,17:27,21:04,62.00,1
2018-12-09,12:20:04,Brest,Paris Montparnasse 1 Et 2,2018-12-11,11:30,15:04,69.00,1
2018-12-09,12:20:04,Brest,Paris Montparnasse 1 Et 2,2018-12-11,13:18,17:04,69.00,1
2018-12-09,12:20:04,Brest,Paris Montparnasse 1 Et 2,2018-12-11,06:27,10:04,77.00,1
2018-12-09,12:20:04,Brest,Paris Montparnasse 1 Et 2,2018-12-11,16:22,20:04,77.00,1
2018-12-09,12:20:04,Brest,Paris Montparnasse 1 Et 2,2018-12-11,07:18,11:04,89.00,1
2018-12-09,12:20:04,Brest,Paris Montparnasse 1 Et 2,2018-12-11,09:05,13:04,89.00,1
2018-12-09,12:20:04,Brest,Paris Montparnasse 1 Et 2,2018-12-11,19:18,23:04,40.00,1
2018-12-09,12:20:04,Brest,Paris Montparnasse 1 Et 2,2018-12-11,14:19,18:41,62.00,1
2018-12-09,12:20:04,Brest,Paris Montparnasse 1 Et 2,2018-12-11,17:27,21:04,62.00,1
2018-12-09,12:20:04,Brest,Paris Montparnasse 1 Et 2,2018-12-11,11:30,15:04,69.00,1
2018-12-09,12:20:04,Brest,Paris Montparnasse 1 Et 2,2018-12-11,13:18,17:04,69.00,1
2018-12-09,12:20:04,Brest,Paris Montparnasse 1 Et 2,2018-12-11,06:27,10:04,77.00,1
2018-12-09,12:20:04,Brest,Paris Montparnasse 1 Et 2,2018-12-11,16:22,20:04,77.00,1
2018-12-09,12:20:04,Brest,Paris Montparnasse 1 Et 2,2018-12-11,07:18,11:04,89.00,1
2018-12-09,12:20:04,Brest,Paris Montparnasse 1 Et 2,2018-12-11,09:05,13:04,89.00,1
2018-12-09,12:20:34,Brest,Paris Montparnasse 1 Et 2,2018-12-12,19:18,23:04,40.00,1
2018-12-09,12:20:34,Brest,Paris Montparnasse 1 Et 2,2018-12-12,17:27,21:04,62.00,1
2018-12-09,12:20:34,Brest,Paris Montparnasse 1 Et 2,2018-12-12,06:27,10:04,65.00,1
2018-12-09,12:20:34,Brest,Paris Montparnasse 1 Et 2,2018-12-12,11:30,15:04,69.00,1
2018-12-09,12:20:34,Brest,Paris Montparnasse 1 Et 2,2018-12-12,13:18,17:04,69.00,1
2018-12-09,12:20:34,Brest,Paris Montparnasse 1 Et 2,2018-12-12,14:19,18:41,69.00,1
2018-12-09,12:20:34,Brest,Paris Montparnasse 1 Et 2,2018-12-12,07:18,11:04,77.00,1
2018-12-09,12:20:34,Brest,Paris Montparnasse 1 Et 2,2018-12-12,09:05,13:04,77.00,1
2018-12-09,12:20:34,Brest,Paris Montparnasse 1 Et 2,2018-12-12,19:18,23:04,40.00,1
2018-12-09,12:20:34,Brest,Paris Montparnasse 1 Et 2,2018-12-12,17:27,21:04,62.00,1
2018-12-09,12:20:34,Brest,Paris Montparnasse 1 Et 2,2018-12-12,06:27,10:04,65.00,1
2018-12-09,12:20:34,Brest,Paris Montparnasse 1 Et 2,2018-12-12,11:30,15:04,69.00,1
2018-12-09,12:20:34,Brest,Paris Montparnasse 1 Et 2,2018-12-12,13:18,17:04,69.00,1
2018-12-09,12:20:34,Brest,Paris Montparnasse 1 Et 2,2018-12-12,14:19,18:41,69.00,1
2018-12-09,12:20:34,Brest,Paris Montparnasse 1 Et 2,2018-12-12,07:18,11:04,77.00,1
2018-12-09,12:20:34,Brest,Paris Montparnasse 1 Et 2,2018-12-12,09:05,13:04,77.00,1
2018-12-09,12:20:34,Brest,Paris Montparnasse 1 Et 2,2018-12-12,05:18,09:04,89.00,1
2018-12-09,12:20:34,Brest,Paris Montparnasse 1 Et 2,2018-12-12,16:22,20:04,89.00,1
2018-12-09,12:20:51,Brest,Paris Montparnasse 1 Et 2,2018-12-13,19:18,23:04,40.00,1
2018-12-09,12:20:51,Brest,Paris Montparnasse 1 Et 2,2018-12-13,17:27,21:04,62.00,1
2018-12-09,12:20:51,Brest,Paris Montparnasse 1 Et 2,2018-12-13,06:27,10:04,65.00,1
2018-12-09,12:20:51,Brest,Paris Montparnasse 1 Et 2,2018-12-13,13:18,17:04,65.00,1
2018-12-09,12:20:51,Brest,Paris Montparnasse 1 Et 2,2018-12-13,14:19,18:41,65.00,1
2018-12-09,12:20:51,Brest,Paris Montparnasse 1 Et 2,2018-12-13,07:18,11:04,69.00,1
2018-12-09,12:20:51,Brest,Paris Montparnasse 1 Et 2,2018-12-13,09:05,13:04,69.00,1
2018-12-09,12:20:51,Brest,Paris Montparnasse 1 Et 2,2018-12-13,11:30,15:04,69.00,1
2018-12-09,12:20:51,Brest,Paris Montparnasse 1 Et 2,2018-12-13,05:18,09:04,77.00,1
2018-12-09,12:20:51,Brest,Paris Montparnasse 1 Et 2,2018-12-13,16:22,20:04,77.00,1
2018-12-09,12:20:51,Brest,Paris Montparnasse 1 Et 2,2018-12-13,19:18,23:04,40.00,1
2018-12-09,12:20:51,Brest,Paris Montparnasse 1 Et 2,2018-12-13,17:27,21:04,62.00,1
2018-12-09,12:20:51,Brest,Paris Montparnasse 1 Et 2,2018-12-13,06:27,10:04,65.00,1
2018-12-09,12:20:51,Brest,Paris Montparnasse 1 Et 2,2018-12-13,13:18,17:04,65.00,1
2018-12-09,12:20:51,Brest,Paris Montparnasse 1 Et 2,2018-12-13,14:19,18:41,65.00,1
2018-12-09,12:20:51,Brest,Paris Montparnasse 1 Et 2,2018-12-13,07:18,11:04,69.00,1
2018-12-09,12:20:51,Brest,Paris Montparnasse 1 Et 2,2018-12-13,09:05,13:04,69.00,1
2018-12-09,12:20:51,Brest,Paris Montparnasse 1 Et 2,2018-12-13,11:30,15:04,69.00,1
2018-12-09,12:20:51,Brest,Paris Montparnasse 1 Et 2,2018-12-13,05:18,09:04,77.00,1
2018-12-09,12:20:51,Brest,Paris Montparnasse 1 Et 2,2018-12-13,16:22,20:04,77.00,1
2018-12-09,12:21:11,Brest,Paris Montparnasse 1 Et 2,2018-12-14,19:18,23:04,65.00,1
2018-12-09,12:21:11,Brest,Paris Montparnasse 1 Et 2,2018-12-14,06:27,10:04,69.00,1
2018-12-09,12:21:11,Brest,Paris Montparnasse 1 Et 2,2018-12-14,11:30,15:04,73.00,1
2018-12-09,12:21:11,Brest,Paris Montparnasse 1 Et 2,2018-12-14,05:18,09:04,77.00,1
2018-12-09,12:21:11,Brest,Paris Montparnasse 1 Et 2,2018-12-14,07:18,11:04,77.00,1
2018-12-09,12:21:11,Brest,Paris Montparnasse 1 Et 2,2018-12-14,13:18,17:04,77.00,1
2018-12-09,12:21:11,Brest,Paris Montparnasse 1 Et 2,2018-12-14,14:22,18:04,77.00,1
2018-12-09,12:21:11,Brest,Paris Montparnasse 1 Et 2,2018-12-14,16:18,20:04,77.00,1
2018-12-09,12:21:11,Brest,Paris Montparnasse 1 Et 2,2018-12-14,09:05,13:04,89.00,1
2018-12-09,12:21:11,Brest,Paris Montparnasse 1 Et 2,2018-12-14,19:18,23:04,65.00,1
2018-12-09,12:21:11,Brest,Paris Montparnasse 1 Et 2,2018-12-14,06:27,10:04,69.00,1
2018-12-09,12:21:11,Brest,Paris Montparnasse 1 Et 2,2018-12-14,11:30,15:04,73.00,1
2018-12-09,12:21:11,Brest,Paris Montparnasse 1 Et 2,2018-12-14,05:18,09:04,77.00,1
2018-12-09,12:21:11,Brest,Paris Montparnasse 1 Et 2,2018-12-14,07:18,11:04,77.00,1
2018-12-09,12:21:11,Brest,Paris Montparnasse 1 Et 2,2018-12-14,13:18,17:04,77.00,1
2018-12-09,12:21:11,Brest,Paris Montparnasse 1 Et 2,2018-12-14,14:22,18:04,77.00,1
2018-12-09,12:21:11,Brest,Paris Montparnasse 1 Et 2,2018-12-14,16:18,20:04,77.00,1
2018-12-09,12:21:11,Brest,Paris Montparnasse 1 Et 2,2018-12-14,09:05,13:04,89.00,1
2018-12-09,12:21:11,Brest,Paris Montparnasse 1 Et 2,2018-12-14,17:30,21:04,89.00,1
2018-12-09,12:21:11,Brest,Paris Montparnasse 1 Et 2,2018-12-14,15:08,19:04,97.50,1
2018-12-09,12:21:27,Brest,Paris Montparnasse 1 Et 2,2018-12-15,17:09,21:04,40.00,1
2018-12-09,12:21:27,Brest,Paris Montparnasse 1 Et 2,2018-12-15,14:17,18:04,62.00,1
2018-12-09,12:21:27,Brest,Paris Montparnasse 1 Et 2,2018-12-15,11:27,15:04,69.00,1
2018-12-09,12:21:27,Brest,Paris Montparnasse 1 Et 2,2018-12-15,15:06,19:04,72.80,1
2018-12-09,12:21:27,Brest,Paris Montparnasse 1 Et 2,2018-12-15,19:06,23:04,72.80,1
2018-12-09,12:21:27,Brest,Paris Montparnasse 1 Et 2,2018-12-15,05:18,09:04,77.00,1
2018-12-09,12:21:27,Brest,Paris Montparnasse 1 Et 2,2018-12-15,07:18,11:04,77.00,1
2018-12-09,12:21:27,Brest,Paris Montparnasse 1 Et 2,2018-12-15,09:05,13:04,77.00,1
2018-12-09,12:21:27,Brest,Paris Montparnasse 1 Et 2,2018-12-15,09:57,14:50,90.90,1
2018-12-09,12:21:27,Brest,Paris Montparnasse 1 Et 2,2018-12-15,17:09,21:04,40.00,1
2018-12-09,12:21:27,Brest,Paris Montparnasse 1 Et 2,2018-12-15,14:17,18:04,62.00,1
2018-12-09,12:21:27,Brest,Paris Montparnasse 1 Et 2,2018-12-15,11:27,15:04,69.00,1
2018-12-09,12:21:27,Brest,Paris Montparnasse 1 Et 2,2018-12-15,15:06,19:04,72.80,1
2018-12-09,12:21:27,Brest,Paris Montparnasse 1 Et 2,2018-12-15,19:06,23:04,72.80,1
2018-12-09,12:21:27,Brest,Paris Montparnasse 1 Et 2,2018-12-15,05:18,09:04,77.00,1
2018-12-09,12:21:27,Brest,Paris Montparnasse 1 Et 2,2018-12-15,07:18,11:04,77.00,1
2018-12-09,12:21:27,Brest,Paris Montparnasse 1 Et 2,2018-12-15,09:05,13:04,77.00,1
2018-12-09,12:21:27,Brest,Paris Montparnasse 1 Et 2,2018-12-15,09:57,14:50,90.90,1
2018-12-09,12:21:42,Brest,Paris Montparnasse 1 Et 2,2018-12-16,20:14,00:04,40.00,1
2018-12-09,12:21:42,Brest,Paris Montparnasse 1 Et 2,2018-12-16,18:02,21:26,69.00,1
2018-12-09,12:21:42,Brest,Paris Montparnasse 1 Et 2,2018-12-16,19:18,23:04,69.00,1
2018-12-09,12:21:42,Brest,Paris Montparnasse 1 Et 2,2018-12-16,17:13,21:04,73.00,1
2018-12-09,12:21:42,Brest,Paris Montparnasse 1 Et 2,2018-12-16,09:05,13:04,77.00,1
2018-12-09,12:21:42,Brest,Paris Montparnasse 1 Et 2,2018-12-16,11:27,15:04,77.00,1
2018-12-09,12:21:42,Brest,Paris Montparnasse 1 Et 2,2018-12-16,14:22,18:04,77.00,1
2018-12-09,12:21:42,Brest,Paris Montparnasse 1 Et 2,2018-12-16,16:18,20:04,77.00,1
2018-12-09,12:21:42,Brest,Paris Montparnasse 1 Et 2,2018-12-16,18:09,22:04,90.90,1
2018-12-09,12:21:42,Brest,Paris Montparnasse 1 Et 2,2018-12-16,20:14,00:04,40.00,1
2018-12-09,12:21:42,Brest,Paris Montparnasse 1 Et 2,2018-12-16,18:02,21:26,69.00,1
2018-12-09,12:21:42,Brest,Paris Montparnasse 1 Et 2,2018-12-16,19:18,23:04,69.00,1
2018-12-09,12:21:42,Brest,Paris Montparnasse 1 Et 2,2018-12-16,17:13,21:04,73.00,1
2018-12-09,12:21:42,Brest,Paris Montparnasse 1 Et 2,2018-12-16,09:05,13:04,77.00,1
2018-12-09,12:21:42,Brest,Paris Montparnasse 1 Et 2,2018-12-16,11:27,15:04,77.00,1
2018-12-09,12:21:42,Brest,Paris Montparnasse 1 Et 2,2018-12-16,14:22,18:04,77.00,1
2018-12-09,12:21:42,Brest,Paris Montparnasse 1 Et 2,2018-12-16,16:18,20:04,77.00,1
2018-12-09,12:21:42,Brest,Paris Montparnasse 1 Et 2,2018-12-16,18:09,22:04,90.90,1
2018-12-09,12:21:42,Brest,Paris Montparnasse 1 Et 2,2018-12-16,13:02,17:04,93.70,1
2018-12-09,12:21:42,Brest,Paris Montparnasse 1 Et 2,2018-12-16,15:06,19:04,97.50,1
2018-12-09,12:21:57,Brest,Paris Montparnasse 1 Et 2,2018-12-17,17:27,21:04,40.00,1
2018-12-09,12:21:57,Brest,Paris Montparnasse 1 Et 2,2018-12-17,19:18,23:04,40.00,1
2018-12-09,12:21:57,Brest,Paris Montparnasse 1 Et 2,2018-12-17,11:30,15:04,62.00,1
2018-12-09,12:21:57,Brest,Paris Montparnasse 1 Et 2,2018-12-17,14:19,18:41,62.00,1
2018-12-09,12:21:57,Brest,Paris Montparnasse 1 Et 2,2018-12-17,16:22,20:04,62.00,1
2018-12-09,12:21:57,Brest,Paris Montparnasse 1 Et 2,2018-12-17,13:18,17:04,65.00,1
2018-12-09,12:21:57,Brest,Paris Montparnasse 1 Et 2,2018-12-17,07:18,11:04,69.00,1
2018-12-09,12:21:57,Brest,Paris Montparnasse 1 Et 2,2018-12-17,06:27,10:04,77.00,1
2018-12-09,12:21:57,Brest,Paris Montparnasse 1 Et 2,2018-12-17,09:05,13:04,77.00,1
2018-12-09,12:21:57,Brest,Paris Montparnasse 1 Et 2,2018-12-17,05:18,09:04,80.00,1
2018-12-09,12:21:57,Brest,Paris Montparnasse 1 Et 2,2018-12-17,17:27,21:04,40.00,1
2018-12-09,12:21:57,Brest,Paris Montparnasse 1 Et 2,2018-12-17,19:18,23:04,40.00,1
2018-12-09,12:21:57,Brest,Paris Montparnasse 1 Et 2,2018-12-17,11:30,15:04,62.00,1
2018-12-09,12:21:57,Brest,Paris Montparnasse 1 Et 2,2018-12-17,14:19,18:41,62.00,1
2018-12-09,12:21:57,Brest,Paris Montparnasse 1 Et 2,2018-12-17,16:22,20:04,62.00,1
2018-12-09,12:21:57,Brest,Paris Montparnasse 1 Et 2,2018-12-17,13:18,17:04,65.00,1
2018-12-09,12:21:57,Brest,Paris Montparnasse 1 Et 2,2018-12-17,07:18,11:04,69.00,1
2018-12-09,12:21:57,Brest,Paris Montparnasse 1 Et 2,2018-12-17,06:27,10:04,77.00,1
2018-12-09,12:21:57,Brest,Paris Montparnasse 1 Et 2,2018-12-17,09:05,13:04,77.00,1
2018-12-09,12:21:57,Brest,Paris Montparnasse 1 Et 2,2018-12-17,05:18,09:04,80.00,1
2018-12-09,12:22:22,Brest,Paris Montparnasse 1 Et 2,2018-12-18,06:27,10:04,40.00,1
2018-12-09,12:22:22,Brest,Paris Montparnasse 1 Et 2,2018-12-18,14:19,18:41,40.00,1
2018-12-09,12:22:22,Brest,Paris Montparnasse 1 Et 2,2018-12-18,17:27,21:04,40.00,1
2018-12-09,12:22:22,Brest,Paris Montparnasse 1 Et 2,2018-12-18,19:18,23:04,40.00,1
2018-12-09,12:22:22,Brest,Paris Montparnasse 1 Et 2,2018-12-18,07:18,11:04,62.00,1
2018-12-09,12:22:22,Brest,Paris Montparnasse 1 Et 2,2018-12-18,11:30,15:04,62.00,1
2018-12-09,12:22:22,Brest,Paris Montparnasse 1 Et 2,2018-12-18,13:18,17:04,62.00,1
2018-12-09,12:22:22,Brest,Paris Montparnasse 1 Et 2,2018-12-18,16:22,20:04,62.00,1
2018-12-09,12:22:22,Brest,Paris Montparnasse 1 Et 2,2018-12-18,05:18,09:04,69.00,1
2018-12-09,12:22:22,Brest,Paris Montparnasse 1 Et 2,2018-12-18,09:05,13:04,84.00,1
2018-12-09,12:22:22,Brest,Paris Montparnasse 1 Et 2,2018-12-18,06:27,10:04,40.00,1
2018-12-09,12:22:22,Brest,Paris Montparnasse 1 Et 2,2018-12-18,14:19,18:41,40.00,1
2018-12-09,12:22:22,Brest,Paris Montparnasse 1 Et 2,2018-12-18,17:27,21:04,40.00,1
2018-12-09,12:22:22,Brest,Paris Montparnasse 1 Et 2,2018-12-18,19:18,23:04,40.00,1
2018-12-09,12:22:22,Brest,Paris Montparnasse 1 Et 2,2018-12-18,07:18,11:04,62.00,1
2018-12-09,12:22:22,Brest,Paris Montparnasse 1 Et 2,2018-12-18,11:30,15:04,62.00,1
2018-12-09,12:22:22,Brest,Paris Montparnasse 1 Et 2,2018-12-18,13:18,17:04,62.00,1
2018-12-09,12:22:22,Brest,Paris Montparnasse 1 Et 2,2018-12-18,16:22,20:04,62.00,1
2018-12-09,12:22:22,Brest,Paris Montparnasse 1 Et 2,2018-12-18,05:18,09:04,69.00,1
2018-12-09,12:22:22,Brest,Paris Montparnasse 1 Et 2,2018-12-18,09:05,13:04,84.00,1
2018-12-09,12:22:45,Brest,Paris Montparnasse 1 Et 2,2018-12-19,06:27,10:04,40.00,1
2018-12-09,12:22:45,Brest,Paris Montparnasse 1 Et 2,2018-12-19,14:19,18:41,40.00,1
2018-12-09,12:22:45,Brest,Paris Montparnasse 1 Et 2,2018-12-19,17:27,21:04,40.00,1
2018-12-09,12:22:45,Brest,Paris Montparnasse 1 Et 2,2018-12-19,19:18,23:04,40.00,1
2018-12-09,12:22:45,Brest,Paris Montparnasse 1 Et 2,2018-12-19,07:18,11:04,62.00,1
2018-12-09,12:22:45,Brest,Paris Montparnasse 1 Et 2,2018-12-19,13:18,17:04,62.00,1
2018-12-09,12:22:45,Brest,Paris Montparnasse 1 Et 2,2018-12-19,16:22,20:04,62.00,1
2018-12-09,12:22:45,Brest,Paris Montparnasse 1 Et 2,2018-12-19,11:30,15:04,65.00,1
2018-12-09,12:22:45,Brest,Paris Montparnasse 1 Et 2,2018-12-19,05:18,09:04,69.00,1
2018-12-09,12:22:45,Brest,Paris Montparnasse 1 Et 2,2018-12-19,09:05,13:04,73.00,1
2018-12-09,12:22:45,Brest,Paris Montparnasse 1 Et 2,2018-12-19,06:27,10:04,40.00,1
2018-12-09,12:22:45,Brest,Paris Montparnasse 1 Et 2,2018-12-19,14:19,18:41,40.00,1
2018-12-09,12:22:45,Brest,Paris Montparnasse 1 Et 2,2018-12-19,17:27,21:04,40.00,1
2018-12-09,12:22:45,Brest,Paris Montparnasse 1 Et 2,2018-12-19,19:18,23:04,40.00,1
2018-12-09,12:22:45,Brest,Paris Montparnasse 1 Et 2,2018-12-19,07:18,11:04,62.00,1
2018-12-09,12:22:45,Brest,Paris Montparnasse 1 Et 2,2018-12-19,13:18,17:04,62.00,1
2018-12-09,12:22:45,Brest,Paris Montparnasse 1 Et 2,2018-12-19,16:22,20:04,62.00,1
2018-12-09,12:22:45,Brest,Paris Montparnasse 1 Et 2,2018-12-19,11:30,15:04,65.00,1
2018-12-09,12:22:45,Brest,Paris Montparnasse 1 Et 2,2018-12-19,05:18,09:04,69.00,1
2018-12-09,12:22:45,Brest,Paris Montparnasse 1 Et 2,2018-12-19,09:05,13:04,73.00,1
2018-12-09,12:22:58,Brest,Paris Montparnasse 1 Et 2,2018-12-20,19:18,23:04,40.00,1
2018-12-09,12:22:58,Brest,Paris Montparnasse 1 Et 2,2018-12-20,05:18,09:04,49.00,1
2018-12-09,12:22:58,Brest,Paris Montparnasse 1 Et 2,2018-12-20,06:27,10:04,62.00,1
2018-12-09,12:22:58,Brest,Paris Montparnasse 1 Et 2,2018-12-20,17:27,21:04,62.00,1
2018-12-09,12:22:58,Brest,Paris Montparnasse 1 Et 2,2018-12-20,07:18,11:04,65.00,1
2018-12-09,12:22:58,Brest,Paris Montparnasse 1 Et 2,2018-12-20,16:22,20:04,65.00,1
2018-12-09,12:22:58,Brest,Paris Montparnasse 1 Et 2,2018-12-20,13:18,17:04,69.00,1
2018-12-09,12:22:58,Brest,Paris Montparnasse 1 Et 2,2018-12-20,14:19,18:41,69.00,1
2018-12-09,12:22:58,Brest,Paris Montparnasse 1 Et 2,2018-12-20,11:30,15:04,73.00,1
2018-12-09,12:22:58,Brest,Paris Montparnasse 1 Et 2,2018-12-20,09:05,13:04,77.00,1
2018-12-09,12:22:58,Brest,Paris Montparnasse 1 Et 2,2018-12-20,19:18,23:04,40.00,1
2018-12-09,12:22:58,Brest,Paris Montparnasse 1 Et 2,2018-12-20,05:18,09:04,49.00,1
2018-12-09,12:22:58,Brest,Paris Montparnasse 1 Et 2,2018-12-20,06:27,10:04,62.00,1
2018-12-09,12:22:58,Brest,Paris Montparnasse 1 Et 2,2018-12-20,17:27,21:04,62.00,1
2018-12-09,12:22:58,Brest,Paris Montparnasse 1 Et 2,2018-12-20,07:18,11:04,65.00,1
2018-12-09,12:22:58,Brest,Paris Montparnasse 1 Et 2,2018-12-20,16:22,20:04,65.00,1
2018-12-09,12:22:58,Brest,Paris Montparnasse 1 Et 2,2018-12-20,13:18,17:04,69.00,1
2018-12-09,12:22:58,Brest,Paris Montparnasse 1 Et 2,2018-12-20,14:19,18:41,69.00,1
2018-12-09,12:22:58,Brest,Paris Montparnasse 1 Et 2,2018-12-20,11:30,15:04,73.00,1
2018-12-09,12:22:58,Brest,Paris Montparnasse 1 Et 2,2018-12-20,09:05,13:04,77.00,1
2018-12-09,12:23:16,Brest,Paris Montparnasse 1 Et 2,2018-12-21,06:27,10:04,62.00,1
2018-12-09,12:23:16,Brest,Paris Montparnasse 1 Et 2,2018-12-21,05:18,09:04,69.00,1
2018-12-09,12:23:16,Brest,Paris Montparnasse 1 Et 2,2018-12-21,07:18,11:04,69.00,1
2018-12-09,12:23:16,Brest,Paris Montparnasse 1 Et 2,2018-12-21,11:30,15:04,77.00,1
2018-12-09,12:23:16,Brest,Paris Montparnasse 1 Et 2,2018-12-21,13:18,17:04,77.00,1
2018-12-09,12:23:16,Brest,Paris Montparnasse 1 Et 2,2018-12-21,14:22,18:04,77.00,1
2018-12-09,12:23:16,Brest,Paris Montparnasse 1 Et 2,2018-12-21,16:18,20:04,77.00,1
2018-12-09,12:23:16,Brest,Paris Montparnasse 1 Et 2,2018-12-21,09:05,13:04,89.00,1
2018-12-09,12:23:16,Brest,Paris Montparnasse 1 Et 2,2018-12-21,15:08,19:04,99.50,1
2018-12-09,12:23:16,Brest,Paris Montparnasse 1 Et 2,2018-12-21,06:27,10:04,62.00,1
2018-12-09,12:23:16,Brest,Paris Montparnasse 1 Et 2,2018-12-21,05:18,09:04,69.00,1
2018-12-09,12:23:16,Brest,Paris Montparnasse 1 Et 2,2018-12-21,07:18,11:04,69.00,1
2018-12-09,12:23:16,Brest,Paris Montparnasse 1 Et 2,2018-12-21,11:30,15:04,77.00,1
2018-12-09,12:23:16,Brest,Paris Montparnasse 1 Et 2,2018-12-21,13:18,17:04,77.00,1
2018-12-09,12:23:16,Brest,Paris Montparnasse 1 Et 2,2018-12-21,14:22,18:04,77.00,1
2018-12-09,12:23:16,Brest,Paris Montparnasse 1 Et 2,2018-12-21,16:18,20:04,77.00,1
2018-12-09,12:23:16,Brest,Paris Montparnasse 1 Et 2,2018-12-21,09:05,13:04,89.00,1
2018-12-09,12:23:16,Brest,Paris Montparnasse 1 Et 2,2018-12-21,15:08,19:04,99.50,1
2018-12-09,12:23:29,Brest,Paris Montparnasse 1 Et 2,2018-12-22,17:09,21:04,80.00,1
2018-12-09,12:23:29,Brest,Paris Montparnasse 1 Et 2,2018-12-22,19:06,23:04,84.00,1
2018-12-09,12:23:29,Brest,Paris Montparnasse 1 Et 2,2018-12-22,05:18,09:04,89.00,1
2018-12-09,12:23:29,Brest,Paris Montparnasse 1 Et 2,2018-12-22,14:17,18:04,89.00,1
2018-12-09,12:23:29,Brest,Paris Montparnasse 1 Et 2,2018-12-22,07:18,11:04,95.00,1
2018-12-09,12:23:29,Brest,Paris Montparnasse 1 Et 2,2018-12-22,15:06,19:04,97.50,1
2018-12-09,12:23:29,Brest,Paris Montparnasse 1 Et 2,2018-12-22,09:57,14:50,99.50,1
2018-12-09,12:23:29,Brest,Paris Montparnasse 1 Et 2,2018-12-22,11:27,15:04,100.00,1
2018-12-09,12:23:29,Brest,Paris Montparnasse 1 Et 2,2018-12-22,17:09,21:04,80.00,1
2018-12-09,12:23:29,Brest,Paris Montparnasse 1 Et 2,2018-12-22,19:06,23:04,84.00,1
2018-12-09,12:23:29,Brest,Paris Montparnasse 1 Et 2,2018-12-22,05:18,09:04,89.00,1
2018-12-09,12:23:29,Brest,Paris Montparnasse 1 Et 2,2018-12-22,14:17,18:04,89.00,1
2018-12-09,12:23:29,Brest,Paris Montparnasse 1 Et 2,2018-12-22,07:18,11:04,95.00,1
2018-12-09,12:23:29,Brest,Paris Montparnasse 1 Et 2,2018-12-22,15:06,19:04,97.50,1
2018-12-09,12:23:29,Brest,Paris Montparnasse 1 Et 2,2018-12-22,09:57,14:50,99.50,1
2018-12-09,12:23:29,Brest,Paris Montparnasse 1 Et 2,2018-12-22,11:27,15:04,100.00,1
2018-12-09,12:23:47,Brest,Paris Montparnasse 1 Et 2,2018-12-23,20:14,00:04,40.00,1
2018-12-09,12:23:47,Brest,Paris Montparnasse 1 Et 2,2018-12-23,19:18,23:04,62.00,1
2018-12-09,12:23:47,Brest,Paris Montparnasse 1 Et 2,2018-12-23,18:02,21:26,65.00,1
2018-12-09,12:23:47,Brest,Paris Montparnasse 1 Et 2,2018-12-23,17:13,21:04,69.00,1
2018-12-09,12:23:47,Brest,Paris Montparnasse 1 Et 2,2018-12-23,16:18,20:04,77.00,1
2018-12-09,12:23:47,Brest,Paris Montparnasse 1 Et 2,2018-12-23,18:09,22:04,77.20,1
2018-12-09,12:23:47,Brest,Paris Montparnasse 1 Et 2,2018-12-23,15:06,19:04,97.50,1
2018-12-09,12:23:47,Brest,Paris Montparnasse 1 Et 2,2018-12-23,11:27,15:04,100.00,1
2018-12-09,12:23:47,Brest,Paris Montparnasse 1 Et 2,2018-12-23,14:22,18:04,100.00,1
2018-12-09,12:23:47,Brest,Paris Montparnasse 1 Et 2,2018-12-23,20:14,00:04,40.00,1
2018-12-09,12:23:47,Brest,Paris Montparnasse 1 Et 2,2018-12-23,19:18,23:04,62.00,1
2018-12-09,12:23:47,Brest,Paris Montparnasse 1 Et 2,2018-12-23,18:02,21:26,65.00,1
2018-12-09,12:23:47,Brest,Paris Montparnasse 1 Et 2,2018-12-23,17:13,21:04,69.00,1
2018-12-09,12:23:47,Brest,Paris Montparnasse 1 Et 2,2018-12-23,16:18,20:04,77.00,1
2018-12-09,12:23:47,Brest,Paris Montparnasse 1 Et 2,2018-12-23,18:09,22:04,77.20,1
2018-12-09,12:23:47,Brest,Paris Montparnasse 1 Et 2,2018-12-23,15:06,19:04,97.50,1
2018-12-09,12:23:47,Brest,Paris Montparnasse 1 Et 2,2018-12-23,11:27,15:04,100.00,1
2018-12-09,12:23:47,Brest,Paris Montparnasse 1 Et 2,2018-12-23,14:22,18:04,100.00,1
2018-12-09,12:23:47,Brest,Paris Montparnasse 1 Et 2,2018-12-23,13:02,17:04,117.10,1
2018-12-09,12:24:04,Brest,Paris Montparnasse 1 Et 2,2018-12-24,17:09,21:04,40.00,1
2018-12-09,12:24:04,Brest,Paris Montparnasse 1 Et 2,2018-12-24,05:18,09:04,62.00,1
2018-12-09,12:24:04,Brest,Paris Montparnasse 1 Et 2,2018-12-24,14:17,18:04,69.00,1
2018-12-09,12:24:04,Brest,Paris Montparnasse 1 Et 2,2018-12-24,18:06,23:04,72.80,1
2018-12-09,12:24:04,Brest,Paris Montparnasse 1 Et 2,2018-12-24,07:18,11:04,73.00,1
2018-12-09,12:24:04,Brest,Paris Montparnasse 1 Et 2,2018-12-24,11:27,15:04,73.00,1
2018-12-09,12:24:04,Brest,Paris Montparnasse 1 Et 2,2018-12-24,09:05,13:04,84.00,1
2018-12-09,12:24:04,Brest,Paris Montparnasse 1 Et 2,2018-12-24,12:08,17:04,90.90,1
2018-12-09,12:24:04,Brest,Paris Montparnasse 1 Et 2,2018-12-24,17:09,21:04,40.00,1
2018-12-09,12:24:04,Brest,Paris Montparnasse 1 Et 2,2018-12-24,05:18,09:04,62.00,1
2018-12-09,12:24:04,Brest,Paris Montparnasse 1 Et 2,2018-12-24,14:17,18:04,69.00,1
2018-12-09,12:24:04,Brest,Paris Montparnasse 1 Et 2,2018-12-24,18:06,23:04,72.80,1
2018-12-09,12:24:04,Brest,Paris Montparnasse 1 Et 2,2018-12-24,07:18,11:04,73.00,1
2018-12-09,12:24:04,Brest,Paris Montparnasse 1 Et 2,2018-12-24,11:27,15:04,73.00,1
2018-12-09,12:24:04,Brest,Paris Montparnasse 1 Et 2,2018-12-24,09:05,13:04,84.00,1
2018-12-09,12:24:04,Brest,Paris Montparnasse 1 Et 2,2018-12-24,12:08,17:04,90.90,1
2018-12-09,12:24:21,Brest,Paris Montparnasse 1 Et 2,2018-12-25,11:27,15:04,89.00,1
2018-12-09,12:24:21,Brest,Paris Montparnasse 1 Et 2,2018-12-25,14:22,18:04,89.00,1
2018-12-09,12:24:21,Brest,Paris Montparnasse 1 Et 2,2018-12-25,18:02,21:26,89.00,1
2018-12-09,12:24:21,Brest,Paris Montparnasse 1 Et 2,2018-12-25,19:18,23:04,89.00,1
2018-12-09,12:24:21,Brest,Paris Montparnasse 1 Et 2,2018-12-25,20:14,00:04,89.00,1
2018-12-09,12:24:21,Brest,Paris Montparnasse 1 Et 2,2018-12-25,09:05,13:04,95.00,1
2018-12-09,12:24:21,Brest,Paris Montparnasse 1 Et 2,2018-12-25,16:18,20:04,95.00,1
2018-12-09,12:24:21,Brest,Paris Montparnasse 1 Et 2,2018-12-25,17:13,21:04,95.00,1
2018-12-09,12:24:21,Brest,Paris Montparnasse 1 Et 2,2018-12-25,11:27,15:04,89.00,1
2018-12-09,12:24:21,Brest,Paris Montparnasse 1 Et 2,2018-12-25,14:22,18:04,89.00,1
2018-12-09,12:24:21,Brest,Paris Montparnasse 1 Et 2,2018-12-25,18:02,21:26,89.00,1
2018-12-09,12:24:21,Brest,Paris Montparnasse 1 Et 2,2018-12-25,19:18,23:04,89.00,1
2018-12-09,12:24:21,Brest,Paris Montparnasse 1 Et 2,2018-12-25,20:14,00:04,89.00,1
2018-12-09,12:24:21,Brest,Paris Montparnasse 1 Et 2,2018-12-25,09:05,13:04,95.00,1
2018-12-09,12:24:21,Brest,Paris Montparnasse 1 Et 2,2018-12-25,16:18,20:04,95.00,1
2018-12-09,12:24:21,Brest,Paris Montparnasse 1 Et 2,2018-12-25,17:13,21:04,95.00,1
2018-12-09,12:24:21,Brest,Paris Montparnasse 1 Et 2,2018-12-25,13:02,17:04,108.30,1
2018-12-09,12:24:21,Brest,Paris Montparnasse 1 Et 2,2018-12-25,15:06,19:04,113.10,1
2018-12-09,12:24:35,Brest,Paris Montparnasse 1 Et 2,2018-12-26,05:18,09:04,89.00,1
2018-12-09,12:24:35,Brest,Paris Montparnasse 1 Et 2,2018-12-26,06:27,10:04,95.00,1
2018-12-09,12:24:35,Brest,Paris Montparnasse 1 Et 2,2018-12-26,07:18,11:04,100.00,1
2018-12-09,12:24:35,Brest,Paris Montparnasse 1 Et 2,2018-12-26,14:19,18:41,100.00,1
2018-12-09,12:24:35,Brest,Paris Montparnasse 1 Et 2,2018-12-26,17:27,21:04,100.00,1
2018-12-09,12:24:35,Brest,Paris Montparnasse 1 Et 2,2018-12-26,19:18,23:04,100.00,1
2018-12-09,12:24:35,Brest,Paris Montparnasse 1 Et 2,2018-12-26,05:18,09:04,89.00,1
2018-12-09,12:24:35,Brest,Paris Montparnasse 1 Et 2,2018-12-26,06:27,10:04,95.00,1
2018-12-09,12:24:35,Brest,Paris Montparnasse 1 Et 2,2018-12-26,07:18,11:04,100.00,1
2018-12-09,12:24:35,Brest,Paris Montparnasse 1 Et 2,2018-12-26,14:19,18:41,100.00,1
2018-12-09,12:24:35,Brest,Paris Montparnasse 1 Et 2,2018-12-26,17:27,21:04,100.00,1
2018-12-09,12:24:35,Brest,Paris Montparnasse 1 Et 2,2018-12-26,19:18,23:04,100.00,1
2018-12-09,12:24:55,Brest,Paris Montparnasse 1 Et 2,2018-12-27,05:18,09:04,77.00,1
2018-12-09,12:24:55,Brest,Paris Montparnasse 1 Et 2,2018-12-27,19:18,23:04,84.00,1
2018-12-09,12:24:55,Brest,Paris Montparnasse 1 Et 2,2018-12-27,06:27,10:04,89.00,1
2018-12-09,12:24:55,Brest,Paris Montparnasse 1 Et 2,2018-12-27,17:27,21:04,89.00,1
2018-12-09,12:24:55,Brest,Paris Montparnasse 1 Et 2,2018-12-27,07:18,11:04,95.00,1
2018-12-09,12:24:55,Brest,Paris Montparnasse 1 Et 2,2018-12-27,14:19,18:41,95.00,1
2018-12-09,12:24:55,Brest,Paris Montparnasse 1 Et 2,2018-12-27,16:22,20:04,95.00,1
2018-12-09,12:24:55,Brest,Paris Montparnasse 1 Et 2,2018-12-27,09:05,13:04,100.00,1
2018-12-09,12:24:55,Brest,Paris Montparnasse 1 Et 2,2018-12-27,11:30,15:04,100.00,1
2018-12-09,12:24:55,Brest,Paris Montparnasse 1 Et 2,2018-12-27,05:18,09:04,77.00,1
2018-12-09,12:24:55,Brest,Paris Montparnasse 1 Et 2,2018-12-27,19:18,23:04,84.00,1
2018-12-09,12:24:55,Brest,Paris Montparnasse 1 Et 2,2018-12-27,06:27,10:04,89.00,1
2018-12-09,12:24:55,Brest,Paris Montparnasse 1 Et 2,2018-12-27,17:27,21:04,89.00,1
2018-12-09,12:24:55,Brest,Paris Montparnasse 1 Et 2,2018-12-27,07:18,11:04,95.00,1
2018-12-09,12:24:55,Brest,Paris Montparnasse 1 Et 2,2018-12-27,14:19,18:41,95.00,1
2018-12-09,12:24:55,Brest,Paris Montparnasse 1 Et 2,2018-12-27,16:22,20:04,95.00,1
2018-12-09,12:24:55,Brest,Paris Montparnasse 1 Et 2,2018-12-27,09:05,13:04,100.00,1
2018-12-09,12:24:55,Brest,Paris Montparnasse 1 Et 2,2018-12-27,11:30,15:04,100.00,1
2018-12-09,12:24:55,Brest,Paris Montparnasse 1 Et 2,2018-12-27,13:18,17:04,100.00,1
2018-12-09,12:25:11,Brest,Paris Montparnasse 1 Et 2,2018-12-28,05:18,09:04,69.00,1
2018-12-09,12:25:11,Brest,Paris Montparnasse 1 Et 2,2018-12-28,06:27,10:04,73.00,1
2018-12-09,12:25:11,Brest,Paris Montparnasse 1 Et 2,2018-12-28,07:18,11:04,80.00,1
2018-12-09,12:25:11,Brest,Paris Montparnasse 1 Et 2,2018-12-28,16:18,20:04,89.00,1
2018-12-09,12:25:11,Brest,Paris Montparnasse 1 Et 2,2018-12-28,17:30,21:04,89.00,1
2018-12-09,12:25:11,Brest,Paris Montparnasse 1 Et 2,2018-12-28,19:18,23:04,89.00,1
2018-12-09,12:25:11,Brest,Paris Montparnasse 1 Et 2,2018-12-28,11:30,15:04,95.00,1
2018-12-09,12:25:11,Brest,Paris Montparnasse 1 Et 2,2018-12-28,13:18,17:04,95.00,1
2018-12-09,12:25:11,Brest,Paris Montparnasse 1 Et 2,2018-12-28,14:22,18:04,95.00,1
2018-12-09,12:25:11,Brest,Paris Montparnasse 1 Et 2,2018-12-28,09:05,13:04,100.00,1
2018-12-09,12:25:11,Brest,Paris Montparnasse 1 Et 2,2018-12-28,05:18,09:04,69.00,1
2018-12-09,12:25:11,Brest,Paris Montparnasse 1 Et 2,2018-12-28,06:27,10:04,73.00,1
2018-12-09,12:25:11,Brest,Paris Montparnasse 1 Et 2,2018-12-28,07:18,11:04,80.00,1
2018-12-09,12:25:11,Brest,Paris Montparnasse 1 Et 2,2018-12-28,16:18,20:04,89.00,1
2018-12-09,12:25:11,Brest,Paris Montparnasse 1 Et 2,2018-12-28,17:30,21:04,89.00,1
2018-12-09,12:25:11,Brest,Paris Montparnasse 1 Et 2,2018-12-28,19:18,23:04,89.00,1
2018-12-09,12:25:11,Brest,Paris Montparnasse 1 Et 2,2018-12-28,11:30,15:04,95.00,1
2018-12-09,12:25:11,Brest,Paris Montparnasse 1 Et 2,2018-12-28,13:18,17:04,95.00,1
2018-12-09,12:25:11,Brest,Paris Montparnasse 1 Et 2,2018-12-28,14:22,18:04,95.00,1
2018-12-09,12:25:11,Brest,Paris Montparnasse 1 Et 2,2018-12-28,09:05,13:04,100.00,1
2018-12-09,12:25:11,Brest,Paris Montparnasse 1 Et 2,2018-12-28,15:08,19:04,108.30,1
2018-12-09,12:25:32,Brest,Paris Montparnasse 1 Et 2,2018-12-29,05:18,09:04,89.00,1
2018-12-09,12:25:32,Brest,Paris Montparnasse 1 Et 2,2018-12-29,07:18,11:04,100.00,1
2018-12-09,12:25:32,Brest,Paris Montparnasse 1 Et 2,2018-12-29,09:05,13:04,100.00,1
2018-12-09,12:25:32,Brest,Paris Montparnasse 1 Et 2,2018-12-29,11:27,15:04,100.00,1
2018-12-09,12:25:32,Brest,Paris Montparnasse 1 Et 2,2018-12-29,14:17,18:04,100.00,1
2018-12-09,12:25:32,Brest,Paris Montparnasse 1 Et 2,2018-12-29,17:09,21:04,100.00,1
2018-12-09,12:25:32,Brest,Paris Montparnasse 1 Et 2,2018-12-29,09:57,14:50,103.00,1
2018-12-09,12:25:32,Brest,Paris Montparnasse 1 Et 2,2018-12-29,05:18,09:04,89.00,1
2018-12-09,12:25:32,Brest,Paris Montparnasse 1 Et 2,2018-12-29,07:18,11:04,100.00,1
2018-12-09,12:25:32,Brest,Paris Montparnasse 1 Et 2,2018-12-29,09:05,13:04,100.00,1
2018-12-09,12:25:32,Brest,Paris Montparnasse 1 Et 2,2018-12-29,11:27,15:04,100.00,1
2018-12-09,12:25:32,Brest,Paris Montparnasse 1 Et 2,2018-12-29,14:17,18:04,100.00,1
2018-12-09,12:25:32,Brest,Paris Montparnasse 1 Et 2,2018-12-29,17:09,21:04,100.00,1
2018-12-09,12:25:32,Brest,Paris Montparnasse 1 Et 2,2018-12-29,09:57,14:50,103.00,1
2018-12-09,12:25:32,Brest,Paris Montparnasse 1 Et 2,2018-12-29,15:06,19:04,113.10,1
2018-12-09,12:25:32,Brest,Paris Montparnasse 1 Et 2,2018-12-29,19:06,23:04,117.10,1
2018-12-09,12:25:54,Brest,Paris Montparnasse 1 Et 2,2018-12-30,18:02,21:26,77.00,1
2018-12-09,12:25:54,Brest,Paris Montparnasse 1 Et 2,2018-12-30,17:13,21:04,84.00,1
2018-12-09,12:25:54,Brest,Paris Montparnasse 1 Et 2,2018-12-30,19:18,23:04,89.00,1
2018-12-09,12:25:54,Brest,Paris Montparnasse 1 Et 2,2018-12-30,18:09,22:04,90.90,1
2018-12-09,12:25:54,Brest,Paris Montparnasse 1 Et 2,2018-12-30,16:18,20:04,95.00,1
2018-12-09,12:25:54,Brest,Paris Montparnasse 1 Et 2,2018-12-30,09:05,13:04,100.00,1
2018-12-09,12:25:54,Brest,Paris Montparnasse 1 Et 2,2018-12-30,14:22,18:04,100.00,1
2018-12-09,12:25:54,Brest,Paris Montparnasse 1 Et 2,2018-12-30,15:06,19:04,113.10,1
2018-12-09,12:25:54,Brest,Paris Montparnasse 1 Et 2,2018-12-30,18:02,21:26,77.00,1
2018-12-09,12:25:54,Brest,Paris Montparnasse 1 Et 2,2018-12-30,17:13,21:04,84.00,1
2018-12-09,12:25:54,Brest,Paris Montparnasse 1 Et 2,2018-12-30,19:18,23:04,89.00,1
2018-12-09,12:25:54,Brest,Paris Montparnasse 1 Et 2,2018-12-30,18:09,22:04,90.90,1
2018-12-09,12:25:54,Brest,Paris Montparnasse 1 Et 2,2018-12-30,16:18,20:04,95.00,1
2018-12-09,12:25:54,Brest,Paris Montparnasse 1 Et 2,2018-12-30,09:05,13:04,100.00,1
2018-12-09,12:25:54,Brest,Paris Montparnasse 1 Et 2,2018-12-30,14:22,18:04,100.00,1
2018-12-09,12:25:54,Brest,Paris Montparnasse 1 Et 2,2018-12-30,15:06,19:04,113.10,1
2018-12-09,12:25:54,Brest,Paris Montparnasse 1 Et 2,2018-12-30,13:02,17:04,117.10,1
2018-12-09,12:26:10,Brest,Paris Montparnasse 1 Et 2,2018-12-31,17:09,21:04,65.00,1
2018-12-09,12:26:10,Brest,Paris Montparnasse 1 Et 2,2018-12-31,05:18,09:04,69.00,1
2018-12-09,12:26:10,Brest,Paris Montparnasse 1 Et 2,2018-12-31,18:06,23:04,72.80,1
2018-12-09,12:26:10,Brest,Paris Montparnasse 1 Et 2,2018-12-31,14:17,18:04,77.00,1
2018-12-09,12:26:10,Brest,Paris Montparnasse 1 Et 2,2018-12-31,07:18,11:04,80.00,1
2018-12-09,12:26:10,Brest,Paris Montparnasse 1 Et 2,2018-12-31,09:05,13:04,89.00,1
2018-12-09,12:26:10,Brest,Paris Montparnasse 1 Et 2,2018-12-31,11:27,15:04,95.00,1
2018-12-09,12:26:10,Brest,Paris Montparnasse 1 Et 2,2018-12-31,12:08,17:04,103.00,1
2018-12-09,12:26:10,Brest,Paris Montparnasse 1 Et 2,2018-12-31,17:09,21:04,65.00,1
2018-12-09,12:26:10,Brest,Paris Montparnasse 1 Et 2,2018-12-31,05:18,09:04,69.00,1
2018-12-09,12:26:10,Brest,Paris Montparnasse 1 Et 2,2018-12-31,18:06,23:04,72.80,1
2018-12-09,12:26:10,Brest,Paris Montparnasse 1 Et 2,2018-12-31,14:17,18:04,77.00,1
2018-12-09,12:26:10,Brest,Paris Montparnasse 1 Et 2,2018-12-31,07:18,11:04,80.00,1
2018-12-09,12:26:10,Brest,Paris Montparnasse 1 Et 2,2018-12-31,09:05,13:04,89.00,1
2018-12-09,12:26:10,Brest,Paris Montparnasse 1 Et 2,2018-12-31,11:27,15:04,95.00,1
2018-12-09,12:26:10,Brest,Paris Montparnasse 1 Et 2,2018-12-31,12:08,17:04,103.00,1
2018-12-09,12:26:29,Brest,Paris Montparnasse 1 Et 2,2019-01-01,20:14,00:04,73.00,1
2018-12-09,12:26:29,Brest,Paris Montparnasse 1 Et 2,2019-01-01,19:18,23:04,77.00,1
2018-12-09,12:26:29,Brest,Paris Montparnasse 1 Et 2,2019-01-01,18:02,21:26,89.00,1
2018-12-09,12:26:29,Brest,Paris Montparnasse 1 Et 2,2019-01-01,09:05,13:04,95.00,1
2018-12-09,12:26:29,Brest,Paris Montparnasse 1 Et 2,2019-01-01,17:13,21:04,95.00,1
2018-12-09,12:26:29,Brest,Paris Montparnasse 1 Et 2,2019-01-01,11:27,15:04,100.00,1
2018-12-09,12:26:29,Brest,Paris Montparnasse 1 Et 2,2019-01-01,14:22,18:04,100.00,1
2018-12-09,12:26:29,Brest,Paris Montparnasse 1 Et 2,2019-01-01,16:18,20:04,100.00,1
2018-12-09,12:26:29,Brest,Paris Montparnasse 1 Et 2,2019-01-01,20:14,00:04,73.00,1
2018-12-09,12:26:29,Brest,Paris Montparnasse 1 Et 2,2019-01-01,19:18,23:04,77.00,1
2018-12-09,12:26:29,Brest,Paris Montparnasse 1 Et 2,2019-01-01,18:02,21:26,89.00,1
2018-12-09,12:26:29,Brest,Paris Montparnasse 1 Et 2,2019-01-01,09:05,13:04,95.00,1
2018-12-09,12:26:29,Brest,Paris Montparnasse 1 Et 2,2019-01-01,17:13,21:04,95.00,1
2018-12-09,12:26:29,Brest,Paris Montparnasse 1 Et 2,2019-01-01,11:27,15:04,100.00,1
2018-12-09,12:26:29,Brest,Paris Montparnasse 1 Et 2,2019-01-01,14:22,18:04,100.00,1
2018-12-09,12:26:29,Brest,Paris Montparnasse 1 Et 2,2019-01-01,16:18,20:04,100.00,1
2018-12-09,12:26:29,Brest,Paris Montparnasse 1 Et 2,2019-01-01,18:09,22:04,101.90,1
2018-12-09,12:26:29,Brest,Paris Montparnasse 1 Et 2,2019-01-01,13:02,17:04,117.10,1
2018-12-09,12:26:29,Brest,Paris Montparnasse 1 Et 2,2019-01-01,15:06,19:04,117.10,1
2018-12-09,12:26:48,Brest,Paris Montparnasse 1 Et 2,2019-01-02,05:18,09:04,69.00,1
2018-12-09,12:26:48,Brest,Paris Montparnasse 1 Et 2,2019-01-02,06:27,10:04,73.00,1
2018-12-09,12:26:48,Brest,Paris Montparnasse 1 Et 2,2019-01-02,19:18,23:04,80.00,1
2018-12-09,12:26:48,Brest,Paris Montparnasse 1 Et 2,2019-01-02,17:27,21:04,84.00,1
2018-12-09,12:26:48,Brest,Paris Montparnasse 1 Et 2,2019-01-02,07:18,11:04,89.00,1
2018-12-09,12:26:48,Brest,Paris Montparnasse 1 Et 2,2019-01-02,14:19,18:41,95.00,1
2018-12-09,12:26:48,Brest,Paris Montparnasse 1 Et 2,2019-01-02,16:22,20:04,95.00,1
2018-12-09,12:26:48,Brest,Paris Montparnasse 1 Et 2,2019-01-02,09:05,13:04,100.00,1
2018-12-09,12:26:48,Brest,Paris Montparnasse 1 Et 2,2019-01-02,05:18,09:04,69.00,1
2018-12-09,12:26:48,Brest,Paris Montparnasse 1 Et 2,2019-01-02,06:27,10:04,73.00,1
2018-12-09,12:26:48,Brest,Paris Montparnasse 1 Et 2,2019-01-02,19:18,23:04,80.00,1
2018-12-09,12:26:48,Brest,Paris Montparnasse 1 Et 2,2019-01-02,17:27,21:04,84.00,1
2018-12-09,12:26:48,Brest,Paris Montparnasse 1 Et 2,2019-01-02,07:18,11:04,89.00,1
2018-12-09,12:26:48,Brest,Paris Montparnasse 1 Et 2,2019-01-02,14:19,18:41,95.00,1
2018-12-09,12:26:48,Brest,Paris Montparnasse 1 Et 2,2019-01-02,16:22,20:04,95.00,1
2018-12-09,12:26:48,Brest,Paris Montparnasse 1 Et 2,2019-01-02,09:05,13:04,100.00,1
2018-12-09,12:26:48,Brest,Paris Montparnasse 1 Et 2,2019-01-02,11:30,15:04,100.00,1
2018-12-09,12:26:48,Brest,Paris Montparnasse 1 Et 2,2019-01-02,13:18,17:04,100.00,1
2018-12-09,12:27:01,Brest,Paris Montparnasse 1 Et 2,2019-01-03,19:18,23:04,40.00,1
2018-12-09,12:27:01,Brest,Paris Montparnasse 1 Et 2,2019-01-03,05:18,09:04,62.00,1
2018-12-09,12:27:01,Brest,Paris Montparnasse 1 Et 2,2019-01-03,06:27,10:04,62.00,1
2018-12-09,12:27:01,Brest,Paris Montparnasse 1 Et 2,2019-01-03,17:27,21:04,62.00,1
2018-12-09,12:27:01,Brest,Paris Montparnasse 1 Et 2,2019-01-03,16:22,20:04,69.00,1
2018-12-09,12:27:01,Brest,Paris Montparnasse 1 Et 2,2019-01-03,07:18,11:04,73.00,1
2018-12-09,12:27:01,Brest,Paris Montparnasse 1 Et 2,2019-01-03,14:19,18:41,73.00,1
2018-12-09,12:27:01,Brest,Paris Montparnasse 1 Et 2,2019-01-03,11:30,15:04,77.00,1
2018-12-09,12:27:01,Brest,Paris Montparnasse 1 Et 2,2019-01-03,13:18,17:04,77.00,1
2018-12-09,12:27:01,Brest,Paris Montparnasse 1 Et 2,2019-01-03,19:18,23:04,40.00,1
2018-12-09,12:27:01,Brest,Paris Montparnasse 1 Et 2,2019-01-03,05:18,09:04,62.00,1
2018-12-09,12:27:01,Brest,Paris Montparnasse 1 Et 2,2019-01-03,06:27,10:04,62.00,1
2018-12-09,12:27:01,Brest,Paris Montparnasse 1 Et 2,2019-01-03,17:27,21:04,62.00,1
2018-12-09,12:27:01,Brest,Paris Montparnasse 1 Et 2,2019-01-03,16:22,20:04,69.00,1
2018-12-09,12:27:01,Brest,Paris Montparnasse 1 Et 2,2019-01-03,07:18,11:04,73.00,1
2018-12-09,12:27:01,Brest,Paris Montparnasse 1 Et 2,2019-01-03,14:19,18:41,73.00,1
2018-12-09,12:27:01,Brest,Paris Montparnasse 1 Et 2,2019-01-03,11:30,15:04,77.00,1
2018-12-09,12:27:01,Brest,Paris Montparnasse 1 Et 2,2019-01-03,13:18,17:04,77.00,1
2018-12-09,12:27:01,Brest,Paris Montparnasse 1 Et 2,2019-01-03,09:05,13:04,80.00,1
2018-12-09,12:27:18,Brest,Paris Montparnasse 1 Et 2,2019-01-04,05:18,09:04,40.00,1
2018-12-09,12:27:18,Brest,Paris Montparnasse 1 Et 2,2019-01-04,06:27,10:04,49.00,1
2018-12-09,12:27:18,Brest,Paris Montparnasse 1 Et 2,2019-01-04,19:18,23:04,49.00,1
2018-12-09,12:27:18,Brest,Paris Montparnasse 1 Et 2,2019-01-04,07:18,11:04,65.00,1
2018-12-09,12:27:18,Brest,Paris Montparnasse 1 Et 2,2019-01-04,17:30,21:04,65.00,1
2018-12-09,12:27:18,Brest,Paris Montparnasse 1 Et 2,2019-01-04,13:18,17:04,69.00,1
2018-12-09,12:27:18,Brest,Paris Montparnasse 1 Et 2,2019-01-04,16:18,20:04,69.00,1
2018-12-09,12:27:18,Brest,Paris Montparnasse 1 Et 2,2019-01-04,11:30,15:04,73.00,1
2018-12-09,12:27:18,Brest,Paris Montparnasse 1 Et 2,2019-01-04,09:05,13:04,77.00,1
2018-12-09,12:27:18,Brest,Paris Montparnasse 1 Et 2,2019-01-04,05:18,09:04,40.00,1
2018-12-09,12:27:18,Brest,Paris Montparnasse 1 Et 2,2019-01-04,06:27,10:04,49.00,1
2018-12-09,12:27:18,Brest,Paris Montparnasse 1 Et 2,2019-01-04,19:18,23:04,49.00,1
2018-12-09,12:27:18,Brest,Paris Montparnasse 1 Et 2,2019-01-04,07:18,11:04,65.00,1
2018-12-09,12:27:18,Brest,Paris Montparnasse 1 Et 2,2019-01-04,17:30,21:04,65.00,1
2018-12-09,12:27:18,Brest,Paris Montparnasse 1 Et 2,2019-01-04,13:18,17:04,69.00,1
2018-12-09,12:27:18,Brest,Paris Montparnasse 1 Et 2,2019-01-04,16:18,20:04,69.00,1
2018-12-09,12:27:18,Brest,Paris Montparnasse 1 Et 2,2019-01-04,11:30,15:04,73.00,1
2018-12-09,12:27:18,Brest,Paris Montparnasse 1 Et 2,2019-01-04,09:05,13:04,77.00,1
2018-12-09,12:27:18,Brest,Paris Montparnasse 1 Et 2,2019-01-04,15:08,19:04,90.90,1
2018-12-09,12:27:30,Brest,Paris Montparnasse 1 Et 2,2019-01-05,05:18,09:04,69.00,1
2018-12-09,12:27:30,Brest,Paris Montparnasse 1 Et 2,2019-01-05,07:18,11:04,77.00,1
2018-12-09,12:27:30,Brest,Paris Montparnasse 1 Et 2,2019-01-05,09:05,13:04,95.00,1
2018-12-09,12:27:30,Brest,Paris Montparnasse 1 Et 2,2019-01-05,14:17,18:04,95.00,1
2018-12-09,12:27:30,Brest,Paris Montparnasse 1 Et 2,2019-01-05,09:57,14:50,97.50,1
2018-12-09,12:27:30,Brest,Paris Montparnasse 1 Et 2,2019-01-05,19:06,23:04,97.50,1
2018-12-09,12:27:30,Brest,Paris Montparnasse 1 Et 2,2019-01-05,15:06,19:04,99.50,1
2018-12-09,12:27:30,Brest,Paris Montparnasse 1 Et 2,2019-01-05,11:27,15:04,100.00,1
2018-12-09,12:27:30,Brest,Paris Montparnasse 1 Et 2,2019-01-05,17:09,21:04,100.00,1
2018-12-09,12:27:30,Brest,Paris Montparnasse 1 Et 2,2019-01-05,05:18,09:04,69.00,1
2018-12-09,12:27:30,Brest,Paris Montparnasse 1 Et 2,2019-01-05,07:18,11:04,77.00,1
2018-12-09,12:27:30,Brest,Paris Montparnasse 1 Et 2,2019-01-05,09:05,13:04,95.00,1
2018-12-09,12:27:30,Brest,Paris Montparnasse 1 Et 2,2019-01-05,14:17,18:04,95.00,1
2018-12-09,12:27:30,Brest,Paris Montparnasse 1 Et 2,2019-01-05,09:57,14:50,97.50,1
2018-12-09,12:27:30,Brest,Paris Montparnasse 1 Et 2,2019-01-05,19:06,23:04,97.50,1
2018-12-09,12:27:30,Brest,Paris Montparnasse 1 Et 2,2019-01-05,15:06,19:04,99.50,1
2018-12-09,12:27:30,Brest,Paris Montparnasse 1 Et 2,2019-01-05,11:27,15:04,100.00,1
2018-12-09,12:27:30,Brest,Paris Montparnasse 1 Et 2,2019-01-05,17:09,21:04,100.00,1
2018-12-09,12:27:47,Brest,Paris Montparnasse 1 Et 2,2019-01-06,20:14,00:04,40.00,1
2018-12-09,12:27:47,Brest,Paris Montparnasse 1 Et 2,2019-01-06,19:18,23:04,62.00,1
2018-12-09,12:27:47,Brest,Paris Montparnasse 1 Et 2,2019-01-06,17:13,21:04,73.00,1
2018-12-09,12:27:47,Brest,Paris Montparnasse 1 Et 2,2019-01-06,18:02,21:26,73.00,1
2018-12-09,12:27:47,Brest,Paris Montparnasse 1 Et 2,2019-01-06,16:18,20:04,77.00,1
2018-12-09,12:27:47,Brest,Paris Montparnasse 1 Et 2,2019-01-06,15:06,19:04,99.50,1
2018-12-09,12:27:47,Brest,Paris Montparnasse 1 Et 2,2019-01-06,09:05,13:04,100.00,1
2018-12-09,12:27:47,Brest,Paris Montparnasse 1 Et 2,2019-01-06,11:27,15:04,100.00,1
2018-12-09,12:27:47,Brest,Paris Montparnasse 1 Et 2,2019-01-06,14:22,18:04,100.00,1
2018-12-09,12:27:47,Brest,Paris Montparnasse 1 Et 2,2019-01-06,20:14,00:04,40.00,1
2018-12-09,12:27:47,Brest,Paris Montparnasse 1 Et 2,2019-01-06,19:18,23:04,62.00,1
2018-12-09,12:27:47,Brest,Paris Montparnasse 1 Et 2,2019-01-06,17:13,21:04,73.00,1
2018-12-09,12:27:47,Brest,Paris Montparnasse 1 Et 2,2019-01-06,18:02,21:26,73.00,1
2018-12-09,12:27:47,Brest,Paris Montparnasse 1 Et 2,2019-01-06,16:18,20:04,77.00,1
2018-12-09,12:27:47,Brest,Paris Montparnasse 1 Et 2,2019-01-06,15:06,19:04,99.50,1
2018-12-09,12:27:47,Brest,Paris Montparnasse 1 Et 2,2019-01-06,09:05,13:04,100.00,1
2018-12-09,12:27:47,Brest,Paris Montparnasse 1 Et 2,2019-01-06,11:27,15:04,100.00,1
2018-12-09,12:27:47,Brest,Paris Montparnasse 1 Et 2,2019-01-06,14:22,18:04,100.00,1
2018-12-09,12:27:47,Brest,Paris Montparnasse 1 Et 2,2019-01-06,13:02,17:04,113.10,1
2018-12-09,12:27:59,Brest,Paris Montparnasse 1 Et 2,2019-01-07,06:27,10:04,40.00,1
2018-12-09,12:27:59,Brest,Paris Montparnasse 1 Et 2,2019-01-07,14:19,18:41,40.00,1
2018-12-09,12:27:59,Brest,Paris Montparnasse 1 Et 2,2019-01-07,17:27,21:04,40.00,1
2018-12-09,12:27:59,Brest,Paris Montparnasse 1 Et 2,2019-01-07,19:18,23:04,40.00,1
2018-12-09,12:27:59,Brest,Paris Montparnasse 1 Et 2,2019-01-07,11:30,15:04,49.00,1
2018-12-09,12:27:59,Brest,Paris Montparnasse 1 Et 2,2019-01-07,13:18,17:04,62.00,1
2018-12-09,12:27:59,Brest,Paris Montparnasse 1 Et 2,2019-01-07,16:22,20:04,62.00,1
2018-12-09,12:27:59,Brest,Paris Montparnasse 1 Et 2,2019-01-07,05:18,09:04,65.00,1
2018-12-09,12:27:59,Brest,Paris Montparnasse 1 Et 2,2019-01-07,07:18,11:04,69.00,1
2018-12-09,12:27:59,Brest,Paris Montparnasse 1 Et 2,2019-01-07,06:27,10:04,40.00,1
2018-12-09,12:27:59,Brest,Paris Montparnasse 1 Et 2,2019-01-07,14:19,18:41,40.00,1
2018-12-09,12:27:59,Brest,Paris Montparnasse 1 Et 2,2019-01-07,17:27,21:04,40.00,1
2018-12-09,12:27:59,Brest,Paris Montparnasse 1 Et 2,2019-01-07,19:18,23:04,40.00,1
2018-12-09,12:27:59,Brest,Paris Montparnasse 1 Et 2,2019-01-07,11:30,15:04,49.00,1
2018-12-09,12:27:59,Brest,Paris Montparnasse 1 Et 2,2019-01-07,13:18,17:04,62.00,1
2018-12-09,12:27:59,Brest,Paris Montparnasse 1 Et 2,2019-01-07,16:22,20:04,62.00,1
2018-12-09,12:27:59,Brest,Paris Montparnasse 1 Et 2,2019-01-07,05:18,09:04,65.00,1
2018-12-09,12:27:59,Brest,Paris Montparnasse 1 Et 2,2019-01-07,07:18,11:04,69.00,1
2018-12-09,12:28:12,Brest,Paris Montparnasse 1 Et 2,2019-01-08,17:27,21:04,30.00,1
2018-12-09,12:28:12,Brest,Paris Montparnasse 1 Et 2,2019-01-08,19:18,23:04,30.00,1
2018-12-09,12:28:12,Brest,Paris Montparnasse 1 Et 2,2019-01-08,06:27,10:04,37.00,1
2018-12-09,12:28:12,Brest,Paris Montparnasse 1 Et 2,2019-01-08,07:18,11:04,40.00,1
2018-12-09,12:28:12,Brest,Paris Montparnasse 1 Et 2,2019-01-08,11:30,15:04,40.00,1
2018-12-09,12:28:12,Brest,Paris Montparnasse 1 Et 2,2019-01-08,13:18,17:04,40.00,1
2018-12-09,12:28:12,Brest,Paris Montparnasse 1 Et 2,2019-01-08,14:19,18:41,40.00,1
2018-12-09,12:28:12,Brest,Paris Montparnasse 1 Et 2,2019-01-08,16:22,20:04,40.00,1
2018-12-09,12:28:12,Brest,Paris Montparnasse 1 Et 2,2019-01-08,05:18,09:04,49.00,1
2018-12-09,12:28:12,Brest,Paris Montparnasse 1 Et 2,2019-01-08,17:27,21:04,30.00,1
2018-12-09,12:28:12,Brest,Paris Montparnasse 1 Et 2,2019-01-08,19:18,23:04,30.00,1
2018-12-09,12:28:12,Brest,Paris Montparnasse 1 Et 2,2019-01-08,06:27,10:04,37.00,1
2018-12-09,12:28:12,Brest,Paris Montparnasse 1 Et 2,2019-01-08,07:18,11:04,40.00,1
2018-12-09,12:28:12,Brest,Paris Montparnasse 1 Et 2,2019-01-08,11:30,15:04,40.00,1
2018-12-09,12:28:12,Brest,Paris Montparnasse 1 Et 2,2019-01-08,13:18,17:04,40.00,1
2018-12-09,12:28:12,Brest,Paris Montparnasse 1 Et 2,2019-01-08,14:19,18:41,40.00,1
2018-12-09,12:28:12,Brest,Paris Montparnasse 1 Et 2,2019-01-08,16:22,20:04,40.00,1
2018-12-09,12:28:12,Brest,Paris Montparnasse 1 Et 2,2019-01-08,05:18,09:04,49.00,1
2018-12-09,12:28:24,Brest,Paris Montparnasse 1 Et 2,2019-01-09,17:27,21:04,30.00,1
2018-12-09,12:28:24,Brest,Paris Montparnasse 1 Et 2,2019-01-09,19:18,23:04,30.00,1
2018-12-09,12:28:24,Brest,Paris Montparnasse 1 Et 2,2019-01-09,06:27,10:04,37.00,1
2018-12-09,12:28:24,Brest,Paris Montparnasse 1 Et 2,2019-01-09,14:19,18:41,37.00,1
2018-12-09,12:28:24,Brest,Paris Montparnasse 1 Et 2,2019-01-09,16:22,20:04,37.00,1
2018-12-09,12:28:24,Brest,Paris Montparnasse 1 Et 2,2019-01-09,07:18,11:04,40.00,1
2018-12-09,12:28:24,Brest,Paris Montparnasse 1 Et 2,2019-01-09,11:30,15:04,40.00,1
2018-12-09,12:28:24,Brest,Paris Montparnasse 1 Et 2,2019-01-09,13:18,17:04,40.00,1
2018-12-09,12:28:24,Brest,Paris Montparnasse 1 Et 2,2019-01-09,05:18,09:04,49.00,1
2018-12-09,12:28:24,Brest,Paris Montparnasse 1 Et 2,2019-01-09,17:27,21:04,30.00,1
2018-12-09,12:28:24,Brest,Paris Montparnasse 1 Et 2,2019-01-09,19:18,23:04,30.00,1
2018-12-09,12:28:24,Brest,Paris Montparnasse 1 Et 2,2019-01-09,06:27,10:04,37.00,1
2018-12-09,12:28:24,Brest,Paris Montparnasse 1 Et 2,2019-01-09,14:19,18:41,37.00,1
2018-12-09,12:28:24,Brest,Paris Montparnasse 1 Et 2,2019-01-09,16:22,20:04,37.00,1
2018-12-09,12:28:24,Brest,Paris Montparnasse 1 Et 2,2019-01-09,07:18,11:04,40.00,1
2018-12-09,12:28:24,Brest,Paris Montparnasse 1 Et 2,2019-01-09,11:30,15:04,40.00,1
2018-12-09,12:28:24,Brest,Paris Montparnasse 1 Et 2,2019-01-09,13:18,17:04,40.00,1
2018-12-09,12:28:24,Brest,Paris Montparnasse 1 Et 2,2019-01-09,05:18,09:04,49.00,1
2018-12-09,12:28:45,Brest,Paris Montparnasse 1 Et 2,2019-01-10,17:27,21:04,30.00,1
2018-12-09,12:28:45,Brest,Paris Montparnasse 1 Et 2,2019-01-10,19:18,23:04,30.00,1
2018-12-09,12:28:45,Brest,Paris Montparnasse 1 Et 2,2019-01-10,06:27,10:04,37.00,1
2018-12-09,12:28:45,Brest,Paris Montparnasse 1 Et 2,2019-01-10,16:22,20:04,37.00,1
2018-12-09,12:28:45,Brest,Paris Montparnasse 1 Et 2,2019-01-10,11:30,15:04,40.00,1
2018-12-09,12:28:45,Brest,Paris Montparnasse 1 Et 2,2019-01-10,13:18,17:04,40.00,1
2018-12-09,12:28:45,Brest,Paris Montparnasse 1 Et 2,2019-01-10,05:18,09:04,49.00,1
2018-12-09,12:28:45,Brest,Paris Montparnasse 1 Et 2,2019-01-10,07:18,11:04,49.00,1
2018-12-09,12:28:45,Brest,Paris Montparnasse 1 Et 2,2019-01-10,17:27,21:04,30.00,1
2018-12-09,12:28:45,Brest,Paris Montparnasse 1 Et 2,2019-01-10,19:18,23:04,30.00,1
2018-12-09,12:28:45,Brest,Paris Montparnasse 1 Et 2,2019-01-10,06:27,10:04,37.00,1
2018-12-09,12:28:45,Brest,Paris Montparnasse 1 Et 2,2019-01-10,16:22,20:04,37.00,1
2018-12-09,12:28:45,Brest,Paris Montparnasse 1 Et 2,2019-01-10,11:30,15:04,40.00,1
2018-12-09,12:28:45,Brest,Paris Montparnasse 1 Et 2,2019-01-10,13:18,17:04,40.00,1
2018-12-09,12:28:45,Brest,Paris Montparnasse 1 Et 2,2019-01-10,05:18,09:04,49.00,1
2018-12-09,12:28:45,Brest,Paris Montparnasse 1 Et 2,2019-01-10,07:18,11:04,49.00,1
